<?xml version="1.0" encoding="UTF-8" standalone="yes"?>
<addon id="repository.beam.xbmc-addons" name="Beam XBMC Addons" version="0.0.1" provider-name="beam">
	<extension point="xbmc.addon.repository" name="Beam XBMC Addons">
		<info compressed="false">http://github.com/beam/repository.beam.xbmc-addons/raw/master/addons.xml</info>
		<checksum>http://github.com/beam/repository.beam.xbmc-addons/raw/master/addons.xml.md5</checksum>
		<datadir zip="true">http://github.com/beam/repository.beam.xbmc-addons/raw/master/</datadir>
	</extension>
	<extension point="xbmc.addon.metadata">
		<summary>Beam XBMC Addons Repository</summary>
		<description>Czech addons created by Andrew Beam</description>
		<platform>all</platform>
	</extension>	
</addon>
