<addon id="repository.beam.xbmc-addons" name="Beam XBMC Addons" version="0.0.1" provider-name="beam">
	<extension point="xbmc.addon.repository" name="Beam XBMC Addons">
		<info compressed="false">https://raw.githubusercontent.com/beam/repository.beam.xbmc-addons/master/addons.xml</info>
		<checksum>https://raw.githubusercontent.com/beam/repository.beam.xbmc-addons/master/addons.xml.md5</checksum>
		<datadir zip="true">https://raw.githubusercontent.com/beam/repository.beam.xbmc-addons/master/packages/</datadir>
	</extension>
	<extension point="xbmc.addon.metadata">
		<summary>Beam XBMC Addons Repository</summary>
		<description>Czech addons created by Andrew Beam</description>
		<platform>all</platform>
	</extension>
</addon>