<?xml version="1.0" encoding="UTF-8" standalone="yes"?>
<addon id="repository.beam.xbmc-addons" name="Beam XBMC Addons" version="1.0.0" provider-name="Beam">
	<extension point="xbmc.addon.repository" name="Beam XBMC Addons Reposity">
		<info compressed="false">https://github.com/beam/repository.beam.xbmc-addons/raw/master/addons.xml</info>
		<checksum>https://github.com/beam/repository.beam.xbmc-addons/raw/master/addons.xml.md5</checksum>
		<datadir zip="true">https://github.com/beam/repository.beam.xbmc-addons/raw/master/packages</datadir>
	</extension>
	<extension point="xbmc.addon.metadata">
		<summary>Beam XBMC Addons Repository</summary>
		<description>Czech addons created by Andrew Beam</description>
		<platform>all</platform>
	</extension>
</addon>